<mxfile host="app.diagrams.net" modified="2023-05-19T13:30:21.392Z" agent="Mozilla/5.0 (X11; Linux x86_64) AppleWebKit/537.36 (KHTML, like Gecko) Chrome/112.0.0.0 Safari/537.36" etag="IiuctGP3vSjgxdPYDjnq" version="21.3.2" type="device" pages="3">
  <diagram id="jhDzUTElxBZctnmVdHn8" name="RH - sistema recrutamento">
    <mxGraphModel dx="1120" dy="1612" grid="1" gridSize="10" guides="1" tooltips="1" connect="1" arrows="1" fold="1" page="1" pageScale="1" pageWidth="827" pageHeight="1169" math="0" shadow="0">
      <root>
        <mxCell id="0" />
        <mxCell id="1" parent="0" />
        <mxCell id="zx-_NOPhHaUmiRjkETxF-3" value="" style="rounded=0;whiteSpace=wrap;html=1;" parent="1" vertex="1">
          <mxGeometry x="200" y="-210" width="460" height="650" as="geometry" />
        </mxCell>
        <mxCell id="6MEPO8KKjonD_B6jk04S-1" value="Candidato" style="shape=umlActor;verticalLabelPosition=bottom;verticalAlign=top;html=1;outlineConnect=0;" parent="1" vertex="1">
          <mxGeometry x="730" y="130" width="30" height="60" as="geometry" />
        </mxCell>
        <mxCell id="6MEPO8KKjonD_B6jk04S-2" value="Recrutador" style="shape=umlActor;verticalLabelPosition=bottom;verticalAlign=top;html=1;outlineConnect=0;" parent="1" vertex="1">
          <mxGeometry x="50" y="-20" width="30" height="60" as="geometry" />
        </mxCell>
        <mxCell id="6MEPO8KKjonD_B6jk04S-3" value="Criar processo seletivo" style="ellipse;whiteSpace=wrap;html=1;" parent="1" vertex="1">
          <mxGeometry x="230" y="-180" width="120" height="50" as="geometry" />
        </mxCell>
        <mxCell id="6MEPO8KKjonD_B6jk04S-5" value="Candidatar-se ao processo seletivo" style="ellipse;whiteSpace=wrap;html=1;" parent="1" vertex="1">
          <mxGeometry x="460" y="30" width="120" height="60" as="geometry" />
        </mxCell>
        <mxCell id="U70icQMPkjgXwawp3clu-4" value="Encerrar candidatura" style="ellipse;whiteSpace=wrap;html=1;" parent="1" vertex="1">
          <mxGeometry x="440" y="110" width="120" height="50" as="geometry" />
        </mxCell>
        <mxCell id="U70icQMPkjgXwawp3clu-6" value="Adicionar nova etapa no processo seletivo" style="ellipse;whiteSpace=wrap;html=1;" parent="1" vertex="1">
          <mxGeometry x="250" y="-100" width="130" height="57.57" as="geometry" />
        </mxCell>
        <mxCell id="U70icQMPkjgXwawp3clu-9" value="" style="endArrow=none;html=1;rounded=0;entryX=0;entryY=0.5;entryDx=0;entryDy=0;" parent="1" target="6MEPO8KKjonD_B6jk04S-3" edge="1">
          <mxGeometry width="50" height="50" relative="1" as="geometry">
            <mxPoint x="110" y="-5" as="sourcePoint" />
            <mxPoint x="200" y="150" as="targetPoint" />
          </mxGeometry>
        </mxCell>
        <mxCell id="U70icQMPkjgXwawp3clu-10" value="" style="endArrow=none;html=1;rounded=0;entryX=1;entryY=0.5;entryDx=0;entryDy=0;" parent="1" target="6MEPO8KKjonD_B6jk04S-5" edge="1">
          <mxGeometry width="50" height="50" relative="1" as="geometry">
            <mxPoint x="720" y="130" as="sourcePoint" />
            <mxPoint x="380" y="400" as="targetPoint" />
          </mxGeometry>
        </mxCell>
        <mxCell id="U70icQMPkjgXwawp3clu-13" value="" style="endArrow=none;html=1;rounded=0;exitX=1;exitY=0.5;exitDx=0;exitDy=0;" parent="1" source="U70icQMPkjgXwawp3clu-4" edge="1">
          <mxGeometry width="50" height="50" relative="1" as="geometry">
            <mxPoint x="500" y="410" as="sourcePoint" />
            <mxPoint x="710" y="170" as="targetPoint" />
          </mxGeometry>
        </mxCell>
        <mxCell id="U70icQMPkjgXwawp3clu-14" value="" style="endArrow=none;html=1;rounded=0;" parent="1" target="U70icQMPkjgXwawp3clu-6" edge="1">
          <mxGeometry width="50" height="50" relative="1" as="geometry">
            <mxPoint x="120" y="10" as="sourcePoint" />
            <mxPoint x="180" y="400" as="targetPoint" />
          </mxGeometry>
        </mxCell>
        <mxCell id="U70icQMPkjgXwawp3clu-16" value="Registrar funcionário" style="ellipse;whiteSpace=wrap;html=1;" parent="1" vertex="1">
          <mxGeometry x="280" y="260" width="120" height="50" as="geometry" />
        </mxCell>
        <mxCell id="o1azWG8XtWLvLJTlA72j-2" style="edgeStyle=none;rounded=0;orthogonalLoop=1;jettySize=auto;html=1;" parent="1" source="U70icQMPkjgXwawp3clu-17" target="o1azWG8XtWLvLJTlA72j-1" edge="1">
          <mxGeometry relative="1" as="geometry" />
        </mxCell>
        <mxCell id="o1azWG8XtWLvLJTlA72j-4" style="edgeStyle=none;rounded=0;orthogonalLoop=1;jettySize=auto;html=1;exitX=1;exitY=1;exitDx=0;exitDy=0;exitPerimeter=0;entryX=0;entryY=0;entryDx=0;entryDy=0;" parent="1" source="U70icQMPkjgXwawp3clu-17" target="o1azWG8XtWLvLJTlA72j-3" edge="1">
          <mxGeometry relative="1" as="geometry" />
        </mxCell>
        <mxCell id="U70icQMPkjgXwawp3clu-17" value="Administrador" style="shape=umlActor;verticalLabelPosition=bottom;verticalAlign=top;html=1;outlineConnect=0;" parent="1" vertex="1">
          <mxGeometry x="70" y="270" width="20" height="60" as="geometry" />
        </mxCell>
        <mxCell id="U70icQMPkjgXwawp3clu-18" value="" style="endArrow=none;html=1;rounded=0;" parent="1" target="U70icQMPkjgXwawp3clu-16" edge="1">
          <mxGeometry width="50" height="50" relative="1" as="geometry">
            <mxPoint x="120" y="300" as="sourcePoint" />
            <mxPoint x="280" y="275" as="targetPoint" />
          </mxGeometry>
        </mxCell>
        <mxCell id="u-xgOpYY2-Ec4-KXMsS0-2" value="Efetuar login" style="ellipse;whiteSpace=wrap;html=1;" parent="1" vertex="1">
          <mxGeometry x="490" y="-170" width="120" height="50" as="geometry" />
        </mxCell>
        <mxCell id="u-xgOpYY2-Ec4-KXMsS0-3" value="Efetuar cadastro de candidato" style="ellipse;whiteSpace=wrap;html=1;" parent="1" vertex="1">
          <mxGeometry x="490" y="-60" width="120" height="50" as="geometry" />
        </mxCell>
        <mxCell id="u-xgOpYY2-Ec4-KXMsS0-4" value="Usuário" style="shape=umlActor;verticalLabelPosition=bottom;verticalAlign=top;html=1;outlineConnect=0;" parent="1" vertex="1">
          <mxGeometry x="780" y="-102.43" width="30" height="60" as="geometry" />
        </mxCell>
        <mxCell id="u-xgOpYY2-Ec4-KXMsS0-5" value="" style="endArrow=none;html=1;rounded=0;" parent="1" source="u-xgOpYY2-Ec4-KXMsS0-2" edge="1">
          <mxGeometry width="50" height="50" relative="1" as="geometry">
            <mxPoint x="620" y="320" as="sourcePoint" />
            <mxPoint x="750" y="-90" as="targetPoint" />
          </mxGeometry>
        </mxCell>
        <mxCell id="u-xgOpYY2-Ec4-KXMsS0-6" value="" style="endArrow=none;html=1;rounded=0;exitX=1;exitY=0.5;exitDx=0;exitDy=0;" parent="1" source="u-xgOpYY2-Ec4-KXMsS0-3" edge="1">
          <mxGeometry width="50" height="50" relative="1" as="geometry">
            <mxPoint x="620" y="330" as="sourcePoint" />
            <mxPoint x="760" y="-50" as="targetPoint" />
          </mxGeometry>
        </mxCell>
        <mxCell id="z4k1gQNdioyC8GMFTrhT-2" value="Realizar etapa do processo seletivo" style="ellipse;whiteSpace=wrap;html=1;" parent="1" vertex="1">
          <mxGeometry x="430" y="180" width="120" height="60" as="geometry" />
        </mxCell>
        <mxCell id="z4k1gQNdioyC8GMFTrhT-3" value="" style="endArrow=none;html=1;rounded=0;exitX=1;exitY=0.5;exitDx=0;exitDy=0;" parent="1" source="z4k1gQNdioyC8GMFTrhT-2" edge="1">
          <mxGeometry width="50" height="50" relative="1" as="geometry">
            <mxPoint x="690" y="410" as="sourcePoint" />
            <mxPoint x="710" y="200" as="targetPoint" />
          </mxGeometry>
        </mxCell>
        <mxCell id="niD4OcQbi7Neme8Nl90R-1" value="Registrar feedback sobre etapa realizada pelo candidato" style="ellipse;whiteSpace=wrap;html=1;" parent="1" vertex="1">
          <mxGeometry x="260" y="130" width="150" height="80" as="geometry" />
        </mxCell>
        <mxCell id="niD4OcQbi7Neme8Nl90R-2" value="" style="endArrow=none;html=1;rounded=0;exitX=0;exitY=0.5;exitDx=0;exitDy=0;" parent="1" source="niD4OcQbi7Neme8Nl90R-1" edge="1">
          <mxGeometry width="50" height="50" relative="1" as="geometry">
            <mxPoint x="60" y="250" as="sourcePoint" />
            <mxPoint x="110" y="60" as="targetPoint" />
          </mxGeometry>
        </mxCell>
        <mxCell id="mX2QRQ_9FpDF7aSYzOC4-1" value="Remover etapa no processo seletivo" style="ellipse;whiteSpace=wrap;html=1;" parent="1" vertex="1">
          <mxGeometry x="280" y="-20" width="120" height="50" as="geometry" />
        </mxCell>
        <mxCell id="mX2QRQ_9FpDF7aSYzOC4-2" value="" style="endArrow=none;html=1;rounded=0;exitX=0;exitY=0.5;exitDx=0;exitDy=0;" parent="1" source="mX2QRQ_9FpDF7aSYzOC4-1" edge="1">
          <mxGeometry width="50" height="50" relative="1" as="geometry">
            <mxPoint x="110" y="170" as="sourcePoint" />
            <mxPoint x="130" y="30" as="targetPoint" />
          </mxGeometry>
        </mxCell>
        <mxCell id="mX2QRQ_9FpDF7aSYzOC4-3" value="Avançar etapa do processo seletivo" style="ellipse;whiteSpace=wrap;html=1;" parent="1" vertex="1">
          <mxGeometry x="270" y="50" width="140" height="50" as="geometry" />
        </mxCell>
        <mxCell id="mX2QRQ_9FpDF7aSYzOC4-4" value="" style="endArrow=none;html=1;rounded=0;exitX=0;exitY=0.5;exitDx=0;exitDy=0;" parent="1" source="mX2QRQ_9FpDF7aSYzOC4-3" edge="1">
          <mxGeometry width="50" height="50" relative="1" as="geometry">
            <mxPoint x="90" y="150" as="sourcePoint" />
            <mxPoint x="130" y="50" as="targetPoint" />
          </mxGeometry>
        </mxCell>
        <mxCell id="eMWUPf-zqW3dJJirD_m7-1" value="Consultar processos seletivos abertos" style="ellipse;whiteSpace=wrap;html=1;" parent="1" vertex="1">
          <mxGeometry x="470" y="350" width="130" height="60" as="geometry" />
        </mxCell>
        <mxCell id="eMWUPf-zqW3dJJirD_m7-3" value="Consultar processos seletivos inscritos" style="ellipse;whiteSpace=wrap;html=1;" parent="1" vertex="1">
          <mxGeometry x="430" y="260" width="130" height="60" as="geometry" />
        </mxCell>
        <mxCell id="eMWUPf-zqW3dJJirD_m7-4" value="" style="endArrow=none;html=1;rounded=0;exitX=1;exitY=0.5;exitDx=0;exitDy=0;" parent="1" source="eMWUPf-zqW3dJJirD_m7-3" edge="1">
          <mxGeometry width="50" height="50" relative="1" as="geometry">
            <mxPoint x="730" y="360" as="sourcePoint" />
            <mxPoint x="720" y="220" as="targetPoint" />
          </mxGeometry>
        </mxCell>
        <mxCell id="eMWUPf-zqW3dJJirD_m7-5" value="" style="endArrow=none;html=1;rounded=0;exitX=1;exitY=0.5;exitDx=0;exitDy=0;" parent="1" source="eMWUPf-zqW3dJJirD_m7-1" edge="1">
          <mxGeometry width="50" height="50" relative="1" as="geometry">
            <mxPoint x="880" y="390" as="sourcePoint" />
            <mxPoint x="740" y="230" as="targetPoint" />
          </mxGeometry>
        </mxCell>
        <mxCell id="o1azWG8XtWLvLJTlA72j-1" value="Criar Perfil" style="ellipse;whiteSpace=wrap;html=1;" parent="1" vertex="1">
          <mxGeometry x="230" y="345" width="140" height="70" as="geometry" />
        </mxCell>
        <mxCell id="o1azWG8XtWLvLJTlA72j-3" value="Atribuir Perfil" style="ellipse;whiteSpace=wrap;html=1;" parent="1" vertex="1">
          <mxGeometry x="230" y="470" width="140" height="70" as="geometry" />
        </mxCell>
      </root>
    </mxGraphModel>
  </diagram>
  <diagram id="Hl38x4DEKyYekoEf0m-J" name="RH - diagrama de classes">
    <mxGraphModel dx="1947" dy="1612" grid="1" gridSize="10" guides="1" tooltips="1" connect="1" arrows="1" fold="1" page="1" pageScale="1" pageWidth="827" pageHeight="1169" math="0" shadow="0">
      <root>
        <mxCell id="0" />
        <mxCell id="1" parent="0" />
        <mxCell id="SmcNn5I9Qm7O-hKRwWPJ-92" value="&amp;lt;&amp;lt;enumeration&amp;gt;&amp;gt;&lt;br&gt;&lt;b&gt;StatusCandidatura&lt;/b&gt;" style="swimlane;fontStyle=0;childLayout=stackLayout;horizontal=1;startSize=40;fillColor=none;horizontalStack=0;resizeParent=1;resizeParentMax=0;resizeLast=0;collapsible=1;marginBottom=0;whiteSpace=wrap;html=1;" parent="1" vertex="1">
          <mxGeometry x="674" y="-920" width="150" height="110" as="geometry" />
        </mxCell>
        <mxCell id="SmcNn5I9Qm7O-hKRwWPJ-93" value="Reprovada&lt;br&gt;Aprovada&lt;br&gt;Em_Progresso&lt;br&gt;Encerrada" style="text;strokeColor=none;fillColor=none;align=left;verticalAlign=top;spacingLeft=4;spacingRight=4;overflow=hidden;rotatable=0;points=[[0,0.5],[1,0.5]];portConstraint=eastwest;whiteSpace=wrap;html=1;" parent="SmcNn5I9Qm7O-hKRwWPJ-92" vertex="1">
          <mxGeometry y="40" width="150" height="70" as="geometry" />
        </mxCell>
        <mxCell id="SmcNn5I9Qm7O-hKRwWPJ-96" value="&amp;lt;&amp;lt;enumeration&amp;gt;&amp;gt;&lt;br&gt;&lt;b&gt;StatusProcessoSeletivo&lt;/b&gt;" style="swimlane;fontStyle=0;childLayout=stackLayout;horizontal=1;startSize=40;fillColor=none;horizontalStack=0;resizeParent=1;resizeParentMax=0;resizeLast=0;collapsible=1;marginBottom=0;whiteSpace=wrap;html=1;" parent="1" vertex="1">
          <mxGeometry x="494" y="-920" width="150" height="110" as="geometry" />
        </mxCell>
        <mxCell id="SmcNn5I9Qm7O-hKRwWPJ-97" value="Captação&lt;br&gt;Analise&lt;br&gt;Encerrado&lt;br&gt;Cancelado" style="text;strokeColor=none;fillColor=none;align=left;verticalAlign=top;spacingLeft=4;spacingRight=4;overflow=hidden;rotatable=0;points=[[0,0.5],[1,0.5]];portConstraint=eastwest;whiteSpace=wrap;html=1;" parent="SmcNn5I9Qm7O-hKRwWPJ-96" vertex="1">
          <mxGeometry y="40" width="150" height="70" as="geometry" />
        </mxCell>
        <mxCell id="qUlz77JWVOeJDRpw60Ek-6" value="&lt;b&gt;CargoXPTO&lt;/b&gt;" style="swimlane;fontStyle=0;childLayout=stackLayout;horizontal=1;startSize=26;fillColor=none;horizontalStack=0;resizeParent=1;resizeParentMax=0;resizeLast=0;collapsible=1;marginBottom=0;whiteSpace=wrap;html=1;" parent="1" vertex="1">
          <mxGeometry x="185" y="-425.5" width="110" height="50" as="geometry" />
        </mxCell>
        <mxCell id="jLOKnE6crSCWn-ETDTby-2" value="" style="endArrow=block;endSize=16;endFill=0;html=1;rounded=0;exitX=0.5;exitY=0;exitDx=0;exitDy=0;entryX=0.15;entryY=1.018;entryDx=0;entryDy=0;entryPerimeter=0;" parent="1" source="jpdUplgOVidtmes26eS7-7" target="qOtMuZ6SBBHgZkqX5B9v-2" edge="1">
          <mxGeometry width="160" relative="1" as="geometry">
            <mxPoint x="-166.49999999999977" y="-421.0000000000002" as="sourcePoint" />
            <mxPoint x="-50" y="-510" as="targetPoint" />
            <Array as="points">
              <mxPoint x="-200" y="-480" />
              <mxPoint x="-66" y="-480" />
            </Array>
          </mxGeometry>
        </mxCell>
        <mxCell id="jLOKnE6crSCWn-ETDTby-4" value="" style="endArrow=block;endSize=16;endFill=0;html=1;rounded=0;exitX=0.5;exitY=0;exitDx=0;exitDy=0;entryX=0.496;entryY=1.004;entryDx=0;entryDy=0;entryPerimeter=0;" parent="1" source="jpdUplgOVidtmes26eS7-4" target="qOtMuZ6SBBHgZkqX5B9v-2" edge="1">
          <mxGeometry width="160" relative="1" as="geometry">
            <mxPoint x="25" y="-421.0000000000002" as="sourcePoint" />
            <mxPoint x="25" y="-540" as="targetPoint" />
          </mxGeometry>
        </mxCell>
        <mxCell id="jLOKnE6crSCWn-ETDTby-5" value="" style="endArrow=block;endSize=16;endFill=0;html=1;rounded=0;exitX=0.5;exitY=0;exitDx=0;exitDy=0;entryX=0.873;entryY=1.009;entryDx=0;entryDy=0;entryPerimeter=0;" parent="1" source="qUlz77JWVOeJDRpw60Ek-6" target="qOtMuZ6SBBHgZkqX5B9v-2" edge="1">
          <mxGeometry width="160" relative="1" as="geometry">
            <mxPoint x="-40" y="-450" as="sourcePoint" />
            <mxPoint x="170" y="-520" as="targetPoint" />
            <Array as="points">
              <mxPoint x="240" y="-480" />
              <mxPoint x="122" y="-480" />
            </Array>
          </mxGeometry>
        </mxCell>
        <mxCell id="jpdUplgOVidtmes26eS7-4" value="&lt;b&gt;Recrutador&lt;/b&gt;" style="swimlane;fontStyle=0;childLayout=stackLayout;horizontal=1;startSize=26;fillColor=none;horizontalStack=0;resizeParent=1;resizeParentMax=0;resizeLast=0;collapsible=1;marginBottom=0;whiteSpace=wrap;html=1;" parent="1" vertex="1">
          <mxGeometry x="-55" y="-425.5" width="160" height="50" as="geometry" />
        </mxCell>
        <mxCell id="jpdUplgOVidtmes26eS7-5" value="+" style="text;strokeColor=none;fillColor=none;align=left;verticalAlign=top;spacingLeft=4;spacingRight=4;overflow=hidden;rotatable=0;points=[[0,0.5],[1,0.5]];portConstraint=eastwest;whiteSpace=wrap;html=1;" parent="jpdUplgOVidtmes26eS7-4" vertex="1">
          <mxGeometry y="26" width="160" height="24" as="geometry" />
        </mxCell>
        <mxCell id="jpdUplgOVidtmes26eS7-7" value="&lt;b&gt;Administrador&lt;/b&gt;" style="swimlane;fontStyle=0;childLayout=stackLayout;horizontal=1;startSize=26;fillColor=none;horizontalStack=0;resizeParent=1;resizeParentMax=0;resizeLast=0;collapsible=1;marginBottom=0;whiteSpace=wrap;html=1;" parent="1" vertex="1">
          <mxGeometry x="-315" y="-425.5" width="230" height="60" as="geometry" />
        </mxCell>
        <mxCell id="jpdUplgOVidtmes26eS7-8" value="+" style="text;strokeColor=none;fillColor=none;align=left;verticalAlign=top;spacingLeft=4;spacingRight=4;overflow=hidden;rotatable=0;points=[[0,0.5],[1,0.5]];portConstraint=eastwest;whiteSpace=wrap;html=1;" parent="jpdUplgOVidtmes26eS7-7" vertex="1">
          <mxGeometry y="26" width="230" height="34" as="geometry" />
        </mxCell>
        <mxCell id="XbNOqLkW9X-ybL9UHKT3-1" value="&lt;font style=&quot;font-size: 18px;&quot;&gt;0..*&lt;/font&gt;" style="text;html=1;align=center;verticalAlign=middle;resizable=0;points=[];autosize=1;strokeColor=none;fillColor=none;" parent="1" vertex="1">
          <mxGeometry x="21" y="-270" width="50" height="40" as="geometry" />
        </mxCell>
        <mxCell id="XbNOqLkW9X-ybL9UHKT3-2" value="&lt;font style=&quot;font-size: 18px;&quot;&gt;0..*&lt;/font&gt;" style="text;html=1;align=center;verticalAlign=middle;resizable=0;points=[];autosize=1;strokeColor=none;fillColor=none;" parent="1" vertex="1">
          <mxGeometry x="21" y="-373" width="50" height="40" as="geometry" />
        </mxCell>
        <mxCell id="XbNOqLkW9X-ybL9UHKT3-3" value="&lt;font style=&quot;font-size: 18px;&quot;&gt;gerencia&lt;/font&gt;" style="text;html=1;align=center;verticalAlign=middle;resizable=0;points=[];autosize=1;strokeColor=none;fillColor=none;" parent="1" vertex="1">
          <mxGeometry x="20" y="-323" width="90" height="40" as="geometry" />
        </mxCell>
        <mxCell id="IiIBRXw58SHIO0-oxXSt-1" value="" style="endArrow=none;html=1;rounded=0;exitX=0.5;exitY=0;exitDx=0;exitDy=0;" parent="1" source="qOtMuZ6SBBHgZkqX5B9v-11" target="jpdUplgOVidtmes26eS7-5" edge="1">
          <mxGeometry width="50" height="50" relative="1" as="geometry">
            <mxPoint x="25" y="-217" as="sourcePoint" />
            <mxPoint x="-50" y="-260" as="targetPoint" />
          </mxGeometry>
        </mxCell>
        <mxCell id="pVnFPf42DPrk1I9kUWBy-1" value="&lt;b style=&quot;&quot;&gt;Etapa&lt;/b&gt;" style="swimlane;fontStyle=0;childLayout=stackLayout;horizontal=1;startSize=26;fillColor=none;horizontalStack=0;resizeParent=1;resizeParentMax=0;resizeLast=0;collapsible=1;marginBottom=0;whiteSpace=wrap;html=1;" parent="1" vertex="1">
          <mxGeometry x="-49" y="53" width="140" height="52" as="geometry" />
        </mxCell>
        <mxCell id="pVnFPf42DPrk1I9kUWBy-9" value="&lt;b&gt;TestePersonalidade&lt;/b&gt;" style="swimlane;fontStyle=0;childLayout=stackLayout;horizontal=1;startSize=26;fillColor=none;horizontalStack=0;resizeParent=1;resizeParentMax=0;resizeLast=0;collapsible=1;marginBottom=0;whiteSpace=wrap;html=1;" parent="1" vertex="1">
          <mxGeometry x="-267" y="200" width="140" height="52" as="geometry" />
        </mxCell>
        <mxCell id="pVnFPf42DPrk1I9kUWBy-13" value="&lt;b&gt;TestePortugues&lt;/b&gt;" style="swimlane;fontStyle=0;childLayout=stackLayout;horizontal=1;startSize=26;fillColor=none;horizontalStack=0;resizeParent=1;resizeParentMax=0;resizeLast=0;collapsible=1;marginBottom=0;whiteSpace=wrap;html=1;" parent="1" vertex="1">
          <mxGeometry x="-140" y="268" width="140" height="52" as="geometry" />
        </mxCell>
        <mxCell id="pVnFPf42DPrk1I9kUWBy-19" value="" style="endArrow=diamondThin;endFill=1;endSize=24;html=1;rounded=0;" parent="1" source="pVnFPf42DPrk1I9kUWBy-1" target="qOtMuZ6SBBHgZkqX5B9v-14" edge="1">
          <mxGeometry width="160" relative="1" as="geometry">
            <mxPoint x="-250" y="30" as="sourcePoint" />
            <mxPoint x="21.5" y="-65.63599999999997" as="targetPoint" />
          </mxGeometry>
        </mxCell>
        <mxCell id="pVnFPf42DPrk1I9kUWBy-20" value="&lt;font style=&quot;font-size: 18px;&quot;&gt;1&lt;/font&gt;" style="text;html=1;align=center;verticalAlign=middle;resizable=0;points=[];autosize=1;strokeColor=none;fillColor=none;" parent="1" vertex="1">
          <mxGeometry x="20" y="-31" width="30" height="40" as="geometry" />
        </mxCell>
        <mxCell id="pVnFPf42DPrk1I9kUWBy-21" value="&lt;font style=&quot;font-size: 18px;&quot;&gt;0..*&lt;/font&gt;" style="text;html=1;align=center;verticalAlign=middle;resizable=0;points=[];autosize=1;strokeColor=none;fillColor=none;" parent="1" vertex="1">
          <mxGeometry x="13" y="19" width="50" height="40" as="geometry" />
        </mxCell>
        <mxCell id="pVnFPf42DPrk1I9kUWBy-22" value="&lt;font style=&quot;font-size: 18px;&quot;&gt;contém&lt;/font&gt;" style="text;html=1;align=center;verticalAlign=middle;resizable=0;points=[];autosize=1;strokeColor=none;fillColor=none;" parent="1" vertex="1">
          <mxGeometry x="-53" y="-9" width="80" height="40" as="geometry" />
        </mxCell>
        <mxCell id="pVnFPf42DPrk1I9kUWBy-23" value="Candidatura" style="swimlane;fontStyle=1;align=center;verticalAlign=top;childLayout=stackLayout;horizontal=1;startSize=26;horizontalStack=0;resizeParent=1;resizeParentMax=0;resizeLast=0;collapsible=1;marginBottom=0;whiteSpace=wrap;html=1;" parent="1" vertex="1">
          <mxGeometry x="230" y="-101" width="220" height="160" as="geometry" />
        </mxCell>
        <mxCell id="pVnFPf42DPrk1I9kUWBy-24" value="- instanteCandidatura: LocalDateTime&lt;br style=&quot;border-color: var(--border-color);&quot;&gt;- status: StatusCandidatura" style="text;strokeColor=none;fillColor=none;align=left;verticalAlign=top;spacingLeft=4;spacingRight=4;overflow=hidden;rotatable=0;points=[[0,0.5],[1,0.5]];portConstraint=eastwest;whiteSpace=wrap;html=1;" parent="pVnFPf42DPrk1I9kUWBy-23" vertex="1">
          <mxGeometry y="26" width="220" height="64" as="geometry" />
        </mxCell>
        <mxCell id="pVnFPf42DPrk1I9kUWBy-25" value="" style="line;strokeWidth=1;fillColor=none;align=left;verticalAlign=middle;spacingTop=-1;spacingLeft=3;spacingRight=3;rotatable=0;labelPosition=right;points=[];portConstraint=eastwest;strokeColor=inherit;" parent="pVnFPf42DPrk1I9kUWBy-23" vertex="1">
          <mxGeometry y="90" width="220" height="8" as="geometry" />
        </mxCell>
        <mxCell id="pVnFPf42DPrk1I9kUWBy-26" value="+" style="text;strokeColor=none;fillColor=none;align=left;verticalAlign=top;spacingLeft=4;spacingRight=4;overflow=hidden;rotatable=0;points=[[0,0.5],[1,0.5]];portConstraint=eastwest;whiteSpace=wrap;html=1;" parent="pVnFPf42DPrk1I9kUWBy-23" vertex="1">
          <mxGeometry y="98" width="220" height="62" as="geometry" />
        </mxCell>
        <mxCell id="pVnFPf42DPrk1I9kUWBy-37" value="&lt;b&gt;Entrevista&lt;/b&gt;" style="swimlane;fontStyle=0;childLayout=stackLayout;horizontal=1;startSize=26;fillColor=none;horizontalStack=0;resizeParent=1;resizeParentMax=0;resizeLast=0;collapsible=1;marginBottom=0;whiteSpace=wrap;html=1;" parent="1" vertex="1">
          <mxGeometry x="37" y="268" width="140" height="52" as="geometry" />
        </mxCell>
        <mxCell id="pVnFPf42DPrk1I9kUWBy-43" value="" style="endArrow=none;html=1;rounded=0;exitX=1;exitY=0.5;exitDx=0;exitDy=0;" parent="1" edge="1">
          <mxGeometry width="50" height="50" relative="1" as="geometry">
            <mxPoint x="150" y="-164" as="sourcePoint" />
            <mxPoint x="530" y="-162.46464646464642" as="targetPoint" />
          </mxGeometry>
        </mxCell>
        <mxCell id="pVnFPf42DPrk1I9kUWBy-45" value="" style="endArrow=none;dashed=1;html=1;dashPattern=1 3;strokeWidth=2;rounded=0;exitX=0.5;exitY=0;exitDx=0;exitDy=0;" parent="1" source="pVnFPf42DPrk1I9kUWBy-23" edge="1">
          <mxGeometry width="50" height="50" relative="1" as="geometry">
            <mxPoint x="300" y="-170" as="sourcePoint" />
            <mxPoint x="340" y="-160" as="targetPoint" />
          </mxGeometry>
        </mxCell>
        <mxCell id="pVnFPf42DPrk1I9kUWBy-46" value="&lt;font style=&quot;font-size: 18px;&quot;&gt;0..*&lt;/font&gt;" style="text;html=1;align=center;verticalAlign=middle;resizable=0;points=[];autosize=1;strokeColor=none;fillColor=none;" parent="1" vertex="1">
          <mxGeometry x="146" y="-198" width="50" height="40" as="geometry" />
        </mxCell>
        <mxCell id="pVnFPf42DPrk1I9kUWBy-47" value="&lt;font style=&quot;font-size: 18px;&quot;&gt;0..*&lt;/font&gt;" style="text;html=1;align=center;verticalAlign=middle;resizable=0;points=[];autosize=1;strokeColor=none;fillColor=none;" parent="1" vertex="1">
          <mxGeometry x="479" y="-197" width="50" height="40" as="geometry" />
        </mxCell>
        <mxCell id="pVnFPf42DPrk1I9kUWBy-49" value="&lt;font style=&quot;font-size: 18px;&quot;&gt;possui&lt;/font&gt;" style="text;html=1;align=center;verticalAlign=middle;resizable=0;points=[];autosize=1;strokeColor=none;fillColor=none;" parent="1" vertex="1">
          <mxGeometry x="298" y="-198" width="80" height="40" as="geometry" />
        </mxCell>
        <mxCell id="pVnFPf42DPrk1I9kUWBy-50" value="" style="endArrow=none;html=1;rounded=0;entryX=0;entryY=0.5;entryDx=0;entryDy=0;exitX=1;exitY=0.5;exitDx=0;exitDy=0;" parent="1" source="pVnFPf42DPrk1I9kUWBy-1" target="pVnFPf42DPrk1I9kUWBy-24" edge="1">
          <mxGeometry width="50" height="50" relative="1" as="geometry">
            <mxPoint x="120" y="90" as="sourcePoint" />
            <mxPoint x="170" y="40" as="targetPoint" />
            <Array as="points">
              <mxPoint x="170" y="80" />
              <mxPoint x="170" y="-43" />
            </Array>
          </mxGeometry>
        </mxCell>
        <mxCell id="pVnFPf42DPrk1I9kUWBy-52" value="&lt;font style=&quot;font-size: 18px;&quot;&gt;0..*&lt;/font&gt;" style="text;html=1;align=center;verticalAlign=middle;resizable=0;points=[];autosize=1;strokeColor=none;fillColor=none;" parent="1" vertex="1">
          <mxGeometry x="88" y="46" width="50" height="40" as="geometry" />
        </mxCell>
        <mxCell id="pVnFPf42DPrk1I9kUWBy-53" value="&lt;font style=&quot;font-size: 18px;&quot;&gt;0..*&lt;/font&gt;" style="text;html=1;align=center;verticalAlign=middle;resizable=0;points=[];autosize=1;strokeColor=none;fillColor=none;" parent="1" vertex="1">
          <mxGeometry x="183" y="-76" width="50" height="40" as="geometry" />
        </mxCell>
        <mxCell id="pVnFPf42DPrk1I9kUWBy-54" value="&lt;font style=&quot;font-size: 18px;&quot;&gt;participa&lt;/font&gt;" style="text;html=1;align=center;verticalAlign=middle;resizable=0;points=[];autosize=1;strokeColor=none;fillColor=none;" parent="1" vertex="1">
          <mxGeometry x="87" y="-7" width="90" height="40" as="geometry" />
        </mxCell>
        <mxCell id="pVnFPf42DPrk1I9kUWBy-58" value="" style="endArrow=diamondThin;endFill=1;endSize=24;html=1;rounded=0;exitX=0.5;exitY=0;exitDx=0;exitDy=0;entryX=0;entryY=1;entryDx=0;entryDy=0;" parent="1" source="pVnFPf42DPrk1I9kUWBy-9" target="pVnFPf42DPrk1I9kUWBy-1" edge="1">
          <mxGeometry width="160" relative="1" as="geometry">
            <mxPoint x="-130" y="120" as="sourcePoint" />
            <mxPoint x="30" y="120" as="targetPoint" />
            <Array as="points">
              <mxPoint x="-197" y="160" />
              <mxPoint x="-49" y="160" />
            </Array>
          </mxGeometry>
        </mxCell>
        <mxCell id="pVnFPf42DPrk1I9kUWBy-59" value="" style="endArrow=diamondThin;endFill=1;endSize=24;html=1;rounded=0;entryX=0.25;entryY=1;entryDx=0;entryDy=0;exitX=0.5;exitY=0;exitDx=0;exitDy=0;" parent="1" source="pVnFPf42DPrk1I9kUWBy-13" target="pVnFPf42DPrk1I9kUWBy-1" edge="1">
          <mxGeometry width="160" relative="1" as="geometry">
            <mxPoint x="-80" y="180" as="sourcePoint" />
            <mxPoint x="80" y="180" as="targetPoint" />
            <Array as="points">
              <mxPoint x="-70" y="200" />
              <mxPoint x="-14" y="200" />
            </Array>
          </mxGeometry>
        </mxCell>
        <mxCell id="6D9lLbQLPpu0fP9J0NeM-1" value="&lt;b&gt;EnvioDocumentos&lt;/b&gt;" style="swimlane;fontStyle=0;childLayout=stackLayout;horizontal=1;startSize=26;fillColor=none;horizontalStack=0;resizeParent=1;resizeParentMax=0;resizeLast=0;collapsible=1;marginBottom=0;whiteSpace=wrap;html=1;" parent="1" vertex="1">
          <mxGeometry x="150" y="200" width="140" height="52" as="geometry" />
        </mxCell>
        <mxCell id="6D9lLbQLPpu0fP9J0NeM-2" value="" style="endArrow=diamondThin;endFill=1;endSize=24;html=1;rounded=0;entryX=0.75;entryY=1;entryDx=0;entryDy=0;exitX=0.5;exitY=0;exitDx=0;exitDy=0;" parent="1" source="pVnFPf42DPrk1I9kUWBy-37" target="pVnFPf42DPrk1I9kUWBy-1" edge="1">
          <mxGeometry width="160" relative="1" as="geometry">
            <mxPoint x="10" y="210" as="sourcePoint" />
            <mxPoint x="170" y="210" as="targetPoint" />
            <Array as="points">
              <mxPoint x="107" y="200" />
              <mxPoint x="56" y="200" />
            </Array>
          </mxGeometry>
        </mxCell>
        <mxCell id="6D9lLbQLPpu0fP9J0NeM-3" value="" style="endArrow=diamondThin;endFill=1;endSize=24;html=1;rounded=0;entryX=1;entryY=1;entryDx=0;entryDy=0;exitX=0.5;exitY=0;exitDx=0;exitDy=0;" parent="1" source="6D9lLbQLPpu0fP9J0NeM-1" target="pVnFPf42DPrk1I9kUWBy-1" edge="1">
          <mxGeometry width="160" relative="1" as="geometry">
            <mxPoint x="100" y="210" as="sourcePoint" />
            <mxPoint x="260" y="210" as="targetPoint" />
            <Array as="points">
              <mxPoint x="220" y="160" />
              <mxPoint x="90" y="160" />
            </Array>
          </mxGeometry>
        </mxCell>
        <mxCell id="6D9lLbQLPpu0fP9J0NeM-4" value="&lt;font style=&quot;font-size: 18px;&quot;&gt;1&lt;/font&gt;" style="text;html=1;align=center;verticalAlign=middle;resizable=0;points=[];autosize=1;strokeColor=none;fillColor=none;" parent="1" vertex="1">
          <mxGeometry x="-86" y="114" width="30" height="40" as="geometry" />
        </mxCell>
        <mxCell id="6D9lLbQLPpu0fP9J0NeM-5" value="&lt;font style=&quot;font-size: 18px;&quot;&gt;1&lt;/font&gt;" style="text;html=1;align=center;verticalAlign=middle;resizable=0;points=[];autosize=1;strokeColor=none;fillColor=none;" parent="1" vertex="1">
          <mxGeometry x="-44" y="122" width="30" height="40" as="geometry" />
        </mxCell>
        <mxCell id="6D9lLbQLPpu0fP9J0NeM-6" value="&lt;font style=&quot;font-size: 18px;&quot;&gt;1&lt;/font&gt;" style="text;html=1;align=center;verticalAlign=middle;resizable=0;points=[];autosize=1;strokeColor=none;fillColor=none;" parent="1" vertex="1">
          <mxGeometry x="29" y="124" width="30" height="40" as="geometry" />
        </mxCell>
        <mxCell id="6D9lLbQLPpu0fP9J0NeM-7" value="&lt;font style=&quot;font-size: 18px;&quot;&gt;1&lt;/font&gt;" style="text;html=1;align=center;verticalAlign=middle;resizable=0;points=[];autosize=1;strokeColor=none;fillColor=none;" parent="1" vertex="1">
          <mxGeometry x="65" y="123" width="30" height="40" as="geometry" />
        </mxCell>
        <mxCell id="6D9lLbQLPpu0fP9J0NeM-8" value="&lt;font style=&quot;font-size: 18px;&quot;&gt;0..*&lt;/font&gt;" style="text;html=1;align=center;verticalAlign=middle;resizable=0;points=[];autosize=1;strokeColor=none;fillColor=none;" parent="1" vertex="1">
          <mxGeometry x="176" y="164" width="50" height="40" as="geometry" />
        </mxCell>
        <mxCell id="6D9lLbQLPpu0fP9J0NeM-9" value="&lt;font style=&quot;font-size: 18px;&quot;&gt;0..*&lt;/font&gt;" style="text;html=1;align=center;verticalAlign=middle;resizable=0;points=[];autosize=1;strokeColor=none;fillColor=none;" parent="1" vertex="1">
          <mxGeometry x="61" y="229" width="50" height="40" as="geometry" />
        </mxCell>
        <mxCell id="6D9lLbQLPpu0fP9J0NeM-10" value="&lt;font style=&quot;font-size: 18px;&quot;&gt;0..*&lt;/font&gt;" style="text;html=1;align=center;verticalAlign=middle;resizable=0;points=[];autosize=1;strokeColor=none;fillColor=none;" parent="1" vertex="1">
          <mxGeometry x="-117" y="234" width="50" height="40" as="geometry" />
        </mxCell>
        <mxCell id="6D9lLbQLPpu0fP9J0NeM-11" value="&lt;font style=&quot;font-size: 18px;&quot;&gt;0..*&lt;/font&gt;" style="text;html=1;align=center;verticalAlign=middle;resizable=0;points=[];autosize=1;strokeColor=none;fillColor=none;" parent="1" vertex="1">
          <mxGeometry x="-247" y="167" width="50" height="40" as="geometry" />
        </mxCell>
        <mxCell id="qOtMuZ6SBBHgZkqX5B9v-1" value="&lt;i style=&quot;border-color: var(--border-color); color: rgb(0, 0, 0); font-family: Helvetica; font-size: 12px; font-variant-ligatures: normal; font-variant-caps: normal; letter-spacing: normal; orphans: 2; text-align: center; text-indent: 0px; text-transform: none; widows: 2; word-spacing: 0px; -webkit-text-stroke-width: 0px; background-color: rgb(251, 251, 251); text-decoration-thickness: initial; text-decoration-style: initial; text-decoration-color: initial; font-weight: 700;&quot;&gt;Funcionario&lt;/i&gt;" style="swimlane;fontStyle=0;childLayout=stackLayout;horizontal=1;startSize=26;fillColor=none;horizontalStack=0;resizeParent=1;resizeParentMax=0;resizeLast=0;collapsible=1;marginBottom=0;whiteSpace=wrap;html=1;" parent="1" vertex="1">
          <mxGeometry x="-105" y="-790" width="260" height="250" as="geometry" />
        </mxCell>
        <mxCell id="qOtMuZ6SBBHgZkqX5B9v-2" value="- nome: String&lt;br style=&quot;border-color: var(--border-color);&quot;&gt;- cpf: String&lt;br style=&quot;border-color: var(--border-color);&quot;&gt;- email: String&lt;br style=&quot;border-color: var(--border-color);&quot;&gt;- telefones: List&amp;lt;String&amp;gt;&lt;br style=&quot;border-color: var(--border-color);&quot;&gt;- dataNascimento: LocalDate&lt;br style=&quot;border-color: var(--border-color);&quot;&gt;- logradouro: String&lt;br style=&quot;border-color: var(--border-color);&quot;&gt;- numero: Int&lt;br style=&quot;border-color: var(--border-color);&quot;&gt;- complemento: String&lt;br style=&quot;border-color: var(--border-color);&quot;&gt;- uf: String&lt;br&gt;- salario: BigDecimal&lt;br style=&quot;border-color: var(--border-color);&quot;&gt;- dataContratacao: LocalDate&lt;br style=&quot;border-color: var(--border-color);&quot;&gt;- liderancas: List&amp;lt;Funcionario&amp;gt;&lt;br&gt;- codigo: String&lt;br style=&quot;border-color: var(--border-color);&quot;&gt;- senha: String&lt;br style=&quot;border-color: var(--border-color);&quot;&gt;- perfisAcesso: List&amp;lt;String&amp;gt;" style="text;strokeColor=none;fillColor=none;align=left;verticalAlign=top;spacingLeft=4;spacingRight=4;overflow=hidden;rotatable=0;points=[[0,0.5],[1,0.5]];portConstraint=eastwest;whiteSpace=wrap;html=1;" parent="qOtMuZ6SBBHgZkqX5B9v-1" vertex="1">
          <mxGeometry y="26" width="260" height="224" as="geometry" />
        </mxCell>
        <mxCell id="qOtMuZ6SBBHgZkqX5B9v-3" value="Feedback" style="swimlane;fontStyle=1;align=center;verticalAlign=top;childLayout=stackLayout;horizontal=1;startSize=26;horizontalStack=0;resizeParent=1;resizeParentMax=0;resizeLast=0;collapsible=1;marginBottom=0;whiteSpace=wrap;html=1;" parent="1" vertex="1">
          <mxGeometry x="529" y="80" width="220" height="160" as="geometry" />
        </mxCell>
        <mxCell id="qOtMuZ6SBBHgZkqX5B9v-4" value="- resultado: Resultado&lt;br&gt;- detalhe: String" style="text;strokeColor=none;fillColor=none;align=left;verticalAlign=top;spacingLeft=4;spacingRight=4;overflow=hidden;rotatable=0;points=[[0,0.5],[1,0.5]];portConstraint=eastwest;whiteSpace=wrap;html=1;" parent="qOtMuZ6SBBHgZkqX5B9v-3" vertex="1">
          <mxGeometry y="26" width="220" height="64" as="geometry" />
        </mxCell>
        <mxCell id="qOtMuZ6SBBHgZkqX5B9v-5" value="" style="line;strokeWidth=1;fillColor=none;align=left;verticalAlign=middle;spacingTop=-1;spacingLeft=3;spacingRight=3;rotatable=0;labelPosition=right;points=[];portConstraint=eastwest;strokeColor=inherit;" parent="qOtMuZ6SBBHgZkqX5B9v-3" vertex="1">
          <mxGeometry y="90" width="220" height="8" as="geometry" />
        </mxCell>
        <mxCell id="qOtMuZ6SBBHgZkqX5B9v-6" value="&lt;br&gt;&lt;br&gt;" style="text;strokeColor=none;fillColor=none;align=left;verticalAlign=top;spacingLeft=4;spacingRight=4;overflow=hidden;rotatable=0;points=[[0,0.5],[1,0.5]];portConstraint=eastwest;whiteSpace=wrap;html=1;" parent="qOtMuZ6SBBHgZkqX5B9v-3" vertex="1">
          <mxGeometry y="98" width="220" height="62" as="geometry" />
        </mxCell>
        <mxCell id="qOtMuZ6SBBHgZkqX5B9v-7" value="&amp;lt;&amp;lt;enumeration&amp;gt;&amp;gt;&lt;br&gt;&lt;b&gt;Resultado&lt;/b&gt;" style="swimlane;fontStyle=0;childLayout=stackLayout;horizontal=1;startSize=40;fillColor=none;horizontalStack=0;resizeParent=1;resizeParentMax=0;resizeLast=0;collapsible=1;marginBottom=0;whiteSpace=wrap;html=1;" parent="1" vertex="1">
          <mxGeometry x="494" y="-770" width="150" height="80" as="geometry" />
        </mxCell>
        <mxCell id="qOtMuZ6SBBHgZkqX5B9v-8" value="Aprovado&lt;br&gt;Reprovado" style="text;strokeColor=none;fillColor=none;align=left;verticalAlign=top;spacingLeft=4;spacingRight=4;overflow=hidden;rotatable=0;points=[[0,0.5],[1,0.5]];portConstraint=eastwest;whiteSpace=wrap;html=1;" parent="qOtMuZ6SBBHgZkqX5B9v-7" vertex="1">
          <mxGeometry y="40" width="150" height="40" as="geometry" />
        </mxCell>
        <mxCell id="qOtMuZ6SBBHgZkqX5B9v-11" value="ProcessoSeletivo" style="swimlane;fontStyle=1;align=center;verticalAlign=top;childLayout=stackLayout;horizontal=1;startSize=26;horizontalStack=0;resizeParent=1;resizeParentMax=0;resizeLast=0;collapsible=1;marginBottom=0;whiteSpace=wrap;html=1;" parent="1" vertex="1">
          <mxGeometry x="-100" y="-220" width="250" height="170" as="geometry" />
        </mxCell>
        <mxCell id="qOtMuZ6SBBHgZkqX5B9v-12" value="- titulo: String&lt;br&gt;- descricao: String&lt;br&gt;- responsabilidades: List&amp;lt;String&amp;gt;&lt;br&gt;- requisitos: List&amp;lt;String&amp;gt;&lt;br&gt;- infosAdicionais: List&amp;lt;String&amp;gt;&lt;br&gt;- status: StatusProcessoSeletivo&lt;br&gt;- instanteCriado: LocalDateTime" style="text;strokeColor=none;fillColor=none;align=left;verticalAlign=top;spacingLeft=4;spacingRight=4;overflow=hidden;rotatable=0;points=[[0,0.5],[1,0.5]];portConstraint=eastwest;whiteSpace=wrap;html=1;" parent="qOtMuZ6SBBHgZkqX5B9v-11" vertex="1">
          <mxGeometry y="26" width="250" height="114" as="geometry" />
        </mxCell>
        <mxCell id="qOtMuZ6SBBHgZkqX5B9v-13" value="" style="line;strokeWidth=1;fillColor=none;align=left;verticalAlign=middle;spacingTop=-1;spacingLeft=3;spacingRight=3;rotatable=0;labelPosition=right;points=[];portConstraint=eastwest;strokeColor=inherit;" parent="qOtMuZ6SBBHgZkqX5B9v-11" vertex="1">
          <mxGeometry y="140" width="250" height="8" as="geometry" />
        </mxCell>
        <mxCell id="qOtMuZ6SBBHgZkqX5B9v-14" value="+" style="text;strokeColor=none;fillColor=none;align=left;verticalAlign=top;spacingLeft=4;spacingRight=4;overflow=hidden;rotatable=0;points=[[0,0.5],[1,0.5]];portConstraint=eastwest;whiteSpace=wrap;html=1;" parent="qOtMuZ6SBBHgZkqX5B9v-11" vertex="1">
          <mxGeometry y="148" width="250" height="22" as="geometry" />
        </mxCell>
        <mxCell id="KNMdRvOCymDoFVkCJ0-6-1" value="Candidatura" style="swimlane;fontStyle=1;align=center;verticalAlign=top;childLayout=stackLayout;horizontal=1;startSize=26;horizontalStack=0;resizeParent=1;resizeParentMax=0;resizeLast=0;collapsible=1;marginBottom=0;whiteSpace=wrap;html=1;" parent="1" vertex="1">
          <mxGeometry x="-660" y="-217" width="220" height="120" as="geometry" />
        </mxCell>
        <mxCell id="KNMdRvOCymDoFVkCJ0-6-2" value="- instanteCandidatura: LocalDateTime&lt;br style=&quot;border-color: var(--border-color);&quot;&gt;- status: StatusCandidatura" style="text;strokeColor=none;fillColor=none;align=left;verticalAlign=top;spacingLeft=4;spacingRight=4;overflow=hidden;rotatable=0;points=[[0,0.5],[1,0.5]];portConstraint=eastwest;whiteSpace=wrap;html=1;" parent="KNMdRvOCymDoFVkCJ0-6-1" vertex="1">
          <mxGeometry y="26" width="220" height="64" as="geometry" />
        </mxCell>
        <mxCell id="KNMdRvOCymDoFVkCJ0-6-3" value="" style="line;strokeWidth=1;fillColor=none;align=left;verticalAlign=middle;spacingTop=-1;spacingLeft=3;spacingRight=3;rotatable=0;labelPosition=right;points=[];portConstraint=eastwest;strokeColor=inherit;" parent="KNMdRvOCymDoFVkCJ0-6-1" vertex="1">
          <mxGeometry y="90" width="220" height="8" as="geometry" />
        </mxCell>
        <mxCell id="KNMdRvOCymDoFVkCJ0-6-4" value="+" style="text;strokeColor=none;fillColor=none;align=left;verticalAlign=top;spacingLeft=4;spacingRight=4;overflow=hidden;rotatable=0;points=[[0,0.5],[1,0.5]];portConstraint=eastwest;whiteSpace=wrap;html=1;" parent="KNMdRvOCymDoFVkCJ0-6-1" vertex="1">
          <mxGeometry y="98" width="220" height="22" as="geometry" />
        </mxCell>
        <mxCell id="gXuVqndgNe0iZD1bmh_T-1" value="Candidato" style="swimlane;fontStyle=1;align=center;verticalAlign=top;childLayout=stackLayout;horizontal=1;startSize=26;horizontalStack=0;resizeParent=1;resizeParentMax=0;resizeLast=0;collapsible=1;marginBottom=0;whiteSpace=wrap;html=1;" parent="1" vertex="1">
          <mxGeometry x="529" y="-240" width="230" height="240" as="geometry" />
        </mxCell>
        <mxCell id="gXuVqndgNe0iZD1bmh_T-2" value="- nome: String&lt;br style=&quot;border-color: var(--border-color);&quot;&gt;- cpf: String&lt;br style=&quot;border-color: var(--border-color);&quot;&gt;- email: String&lt;br style=&quot;border-color: var(--border-color);&quot;&gt;- telefones: List&amp;lt;String&amp;gt;&lt;br style=&quot;border-color: var(--border-color);&quot;&gt;- dataNascimento: LocalDate&lt;br style=&quot;border-color: var(--border-color);&quot;&gt;- logradouro: String&lt;br style=&quot;border-color: var(--border-color);&quot;&gt;- numero: Int&lt;br style=&quot;border-color: var(--border-color);&quot;&gt;- complemento: String&lt;br style=&quot;border-color: var(--border-color);&quot;&gt;- uf: String&lt;br&gt;- codigo: String&lt;br style=&quot;border-color: var(--border-color);&quot;&gt;- senha: String&lt;br style=&quot;border-color: var(--border-color);&quot;&gt;- perfisAcesso: List&amp;lt;String&amp;gt;" style="text;strokeColor=none;fillColor=none;align=left;verticalAlign=top;spacingLeft=4;spacingRight=4;overflow=hidden;rotatable=0;points=[[0,0.5],[1,0.5]];portConstraint=eastwest;whiteSpace=wrap;html=1;" parent="gXuVqndgNe0iZD1bmh_T-1" vertex="1">
          <mxGeometry y="26" width="230" height="184" as="geometry" />
        </mxCell>
        <mxCell id="gXuVqndgNe0iZD1bmh_T-3" value="" style="line;strokeWidth=1;fillColor=none;align=left;verticalAlign=middle;spacingTop=-1;spacingLeft=3;spacingRight=3;rotatable=0;labelPosition=right;points=[];portConstraint=eastwest;strokeColor=inherit;" parent="gXuVqndgNe0iZD1bmh_T-1" vertex="1">
          <mxGeometry y="210" width="230" height="8" as="geometry" />
        </mxCell>
        <mxCell id="gXuVqndgNe0iZD1bmh_T-4" value="+" style="text;strokeColor=none;fillColor=none;align=left;verticalAlign=top;spacingLeft=4;spacingRight=4;overflow=hidden;rotatable=0;points=[[0,0.5],[1,0.5]];portConstraint=eastwest;whiteSpace=wrap;html=1;" parent="gXuVqndgNe0iZD1bmh_T-1" vertex="1">
          <mxGeometry y="218" width="230" height="22" as="geometry" />
        </mxCell>
        <mxCell id="jMniE0wlIA3AAKrdonl9-1" value="Funcionalidades&lt;br&gt;" style="swimlane;fontStyle=1;align=center;verticalAlign=top;childLayout=stackLayout;horizontal=1;startSize=26;horizontalStack=0;resizeParent=1;resizeParentMax=0;resizeLast=0;collapsible=1;marginBottom=0;whiteSpace=wrap;html=1;" parent="1" vertex="1">
          <mxGeometry x="-640" y="-750" width="160" height="86" as="geometry" />
        </mxCell>
        <mxCell id="jMniE0wlIA3AAKrdonl9-2" value="+ field: type" style="text;strokeColor=none;fillColor=none;align=left;verticalAlign=top;spacingLeft=4;spacingRight=4;overflow=hidden;rotatable=0;points=[[0,0.5],[1,0.5]];portConstraint=eastwest;whiteSpace=wrap;html=1;" parent="jMniE0wlIA3AAKrdonl9-1" vertex="1">
          <mxGeometry y="26" width="160" height="26" as="geometry" />
        </mxCell>
        <mxCell id="jMniE0wlIA3AAKrdonl9-3" value="" style="line;strokeWidth=1;fillColor=none;align=left;verticalAlign=middle;spacingTop=-1;spacingLeft=3;spacingRight=3;rotatable=0;labelPosition=right;points=[];portConstraint=eastwest;strokeColor=inherit;" parent="jMniE0wlIA3AAKrdonl9-1" vertex="1">
          <mxGeometry y="52" width="160" height="8" as="geometry" />
        </mxCell>
        <mxCell id="jMniE0wlIA3AAKrdonl9-4" value="+ method(type): type" style="text;strokeColor=none;fillColor=none;align=left;verticalAlign=top;spacingLeft=4;spacingRight=4;overflow=hidden;rotatable=0;points=[[0,0.5],[1,0.5]];portConstraint=eastwest;whiteSpace=wrap;html=1;" parent="jMniE0wlIA3AAKrdonl9-1" vertex="1">
          <mxGeometry y="60" width="160" height="26" as="geometry" />
        </mxCell>
        <mxCell id="u6UFmjrz299-5WZxDU9f-1" style="edgeStyle=none;rounded=0;orthogonalLoop=1;jettySize=auto;html=1;" parent="1" source="jMniE0wlIA3AAKrdonl9-6" target="jMniE0wlIA3AAKrdonl9-4" edge="1">
          <mxGeometry relative="1" as="geometry" />
        </mxCell>
        <mxCell id="u6UFmjrz299-5WZxDU9f-6" style="edgeStyle=none;rounded=0;orthogonalLoop=1;jettySize=auto;html=1;" parent="1" source="jMniE0wlIA3AAKrdonl9-6" target="qOtMuZ6SBBHgZkqX5B9v-2" edge="1">
          <mxGeometry relative="1" as="geometry">
            <mxPoint x="-180" y="-610" as="targetPoint" />
          </mxGeometry>
        </mxCell>
        <mxCell id="u6UFmjrz299-5WZxDU9f-7" value="0..*" style="edgeLabel;html=1;align=center;verticalAlign=middle;resizable=0;points=[];" parent="u6UFmjrz299-5WZxDU9f-6" vertex="1" connectable="0">
          <mxGeometry x="0.886" y="-1" relative="1" as="geometry">
            <mxPoint x="-3" y="-25" as="offset" />
          </mxGeometry>
        </mxCell>
        <mxCell id="u6UFmjrz299-5WZxDU9f-8" value="1" style="edgeLabel;html=1;align=center;verticalAlign=middle;resizable=0;points=[];" parent="u6UFmjrz299-5WZxDU9f-6" vertex="1" connectable="0">
          <mxGeometry x="-0.9032" y="-4" relative="1" as="geometry">
            <mxPoint y="10" as="offset" />
          </mxGeometry>
        </mxCell>
        <mxCell id="jMniE0wlIA3AAKrdonl9-6" value="Perfil" style="swimlane;fontStyle=1;align=center;verticalAlign=top;childLayout=stackLayout;horizontal=1;startSize=26;horizontalStack=0;resizeParent=1;resizeParentMax=0;resizeLast=0;collapsible=1;marginBottom=0;whiteSpace=wrap;html=1;" parent="1" vertex="1">
          <mxGeometry x="-600" y="-540" width="160" height="86" as="geometry" />
        </mxCell>
        <mxCell id="jMniE0wlIA3AAKrdonl9-7" value="+ date: LocalDate" style="text;strokeColor=none;fillColor=none;align=left;verticalAlign=top;spacingLeft=4;spacingRight=4;overflow=hidden;rotatable=0;points=[[0,0.5],[1,0.5]];portConstraint=eastwest;whiteSpace=wrap;html=1;" parent="jMniE0wlIA3AAKrdonl9-6" vertex="1">
          <mxGeometry y="26" width="160" height="26" as="geometry" />
        </mxCell>
        <mxCell id="jMniE0wlIA3AAKrdonl9-8" value="" style="line;strokeWidth=1;fillColor=none;align=left;verticalAlign=middle;spacingTop=-1;spacingLeft=3;spacingRight=3;rotatable=0;labelPosition=right;points=[];portConstraint=eastwest;strokeColor=inherit;" parent="jMniE0wlIA3AAKrdonl9-6" vertex="1">
          <mxGeometry y="52" width="160" height="8" as="geometry" />
        </mxCell>
        <mxCell id="jMniE0wlIA3AAKrdonl9-9" value="+ method(type): type" style="text;strokeColor=none;fillColor=none;align=left;verticalAlign=top;spacingLeft=4;spacingRight=4;overflow=hidden;rotatable=0;points=[[0,0.5],[1,0.5]];portConstraint=eastwest;whiteSpace=wrap;html=1;" parent="jMniE0wlIA3AAKrdonl9-6" vertex="1">
          <mxGeometry y="60" width="160" height="26" as="geometry" />
        </mxCell>
        <mxCell id="u6UFmjrz299-5WZxDU9f-3" value="1..*" style="text;html=1;align=center;verticalAlign=middle;resizable=0;points=[];autosize=1;strokeColor=none;fillColor=none;" parent="1" vertex="1">
          <mxGeometry x="-530" y="-572" width="40" height="30" as="geometry" />
        </mxCell>
        <mxCell id="u6UFmjrz299-5WZxDU9f-4" value="0..*" style="text;html=1;align=center;verticalAlign=middle;resizable=0;points=[];autosize=1;strokeColor=none;fillColor=none;" parent="1" vertex="1">
          <mxGeometry x="-550" y="-664" width="40" height="30" as="geometry" />
        </mxCell>
      </root>
    </mxGraphModel>
  </diagram>
  <diagram id="pSv6ozt_As1F9XPh5YL9" name="Página-3">
    <mxGraphModel dx="1318" dy="521" grid="1" gridSize="10" guides="1" tooltips="1" connect="1" arrows="1" fold="1" page="1" pageScale="1" pageWidth="827" pageHeight="1169" math="0" shadow="0">
      <root>
        <mxCell id="0" />
        <mxCell id="1" parent="0" />
        <mxCell id="57rsZvDfAa13rLdhvREe-1" value="Recrutador" style="shape=umlActor;verticalLabelPosition=bottom;verticalAlign=top;html=1;" vertex="1" parent="1">
          <mxGeometry x="30" y="170" width="30" height="60" as="geometry" />
        </mxCell>
        <mxCell id="OtUXeZqmUgTlQGZEfNcX-1" value="Criar processo seletivo" style="ellipse;whiteSpace=wrap;html=1;" vertex="1" parent="1">
          <mxGeometry x="60" y="20" width="140" height="70" as="geometry" />
        </mxCell>
        <mxCell id="OtUXeZqmUgTlQGZEfNcX-2" value="Encerrar processo seletivo" style="ellipse;whiteSpace=wrap;html=1;" vertex="1" parent="1">
          <mxGeometry x="70" y="290" width="140" height="70" as="geometry" />
        </mxCell>
        <mxCell id="ggL-QM6GnIotWfwB-am9-1" value="Registrar feedback sobre etapa realizada pelo candidato" style="ellipse;whiteSpace=wrap;html=1;" vertex="1" parent="1">
          <mxGeometry x="160" y="180" width="160" height="90" as="geometry" />
        </mxCell>
        <mxCell id="QMJqNpzNFGBZQJdudbVd-1" value="Usuário" style="shape=umlActor;verticalLabelPosition=bottom;verticalAlign=top;html=1;" vertex="1" parent="1">
          <mxGeometry x="630" y="250" width="30" height="60" as="geometry" />
        </mxCell>
        <mxCell id="QMJqNpzNFGBZQJdudbVd-2" value="Consultar processos seletivos" style="ellipse;whiteSpace=wrap;html=1;" vertex="1" parent="1">
          <mxGeometry x="440" y="70" width="140" height="70" as="geometry" />
        </mxCell>
        <mxCell id="QMJqNpzNFGBZQJdudbVd-3" value="Consultar processo seletivo" style="ellipse;whiteSpace=wrap;html=1;" vertex="1" parent="1">
          <mxGeometry x="390" y="170" width="140" height="70" as="geometry" />
        </mxCell>
        <mxCell id="WOCddv_gXxnnQ4qSMV6K-1" value="Efetuar login" style="ellipse;whiteSpace=wrap;html=1;" vertex="1" parent="1">
          <mxGeometry x="390" y="280" width="140" height="70" as="geometry" />
        </mxCell>
        <mxCell id="WOCddv_gXxnnQ4qSMV6K-2" value="Efetuar cadastro de candidato" style="ellipse;whiteSpace=wrap;html=1;" vertex="1" parent="1">
          <mxGeometry x="440" y="390" width="140" height="70" as="geometry" />
        </mxCell>
        <mxCell id="FcEfC3HmH9e9Txm3ebzJ-1" value="Candidato" style="shape=umlActor;verticalLabelPosition=bottom;verticalAlign=top;html=1;" vertex="1" parent="1">
          <mxGeometry x="50" y="580" width="30" height="60" as="geometry" />
        </mxCell>
        <mxCell id="FcEfC3HmH9e9Txm3ebzJ-2" value="Se candidatar a um processo seletivo" style="ellipse;whiteSpace=wrap;html=1;" vertex="1" parent="1">
          <mxGeometry x="110" y="420" width="140" height="70" as="geometry" />
        </mxCell>
        <mxCell id="ZVUEuKPKWtrtPGelTzST-1" value="Encerrar candidatura" style="ellipse;whiteSpace=wrap;html=1;" vertex="1" parent="1">
          <mxGeometry x="230" y="480" width="140" height="70" as="geometry" />
        </mxCell>
        <mxCell id="am7vWChMStJhlYBoMUdY-1" value="Efetuar etapa do processo seletivo" style="ellipse;whiteSpace=wrap;html=1;" vertex="1" parent="1">
          <mxGeometry x="210" y="670" width="140" height="70" as="geometry" />
        </mxCell>
        <mxCell id="am7vWChMStJhlYBoMUdY-2" value="Consultar todas as candidaturas" style="ellipse;whiteSpace=wrap;html=1;" vertex="1" parent="1">
          <mxGeometry x="274" y="570" width="140" height="70" as="geometry" />
        </mxCell>
        <mxCell id="am7vWChMStJhlYBoMUdY-3" value="Consultar candidatura&amp;nbsp;" style="ellipse;whiteSpace=wrap;html=1;" vertex="1" parent="1">
          <mxGeometry x="100" y="740" width="140" height="70" as="geometry" />
        </mxCell>
        <mxCell id="vrVF3U0I9WM_7MqCZ76G-1" value="Administrador" style="shape=umlActor;verticalLabelPosition=bottom;verticalAlign=top;html=1;" vertex="1" parent="1">
          <mxGeometry x="770" y="670" width="30" height="60" as="geometry" />
        </mxCell>
        <mxCell id="vrVF3U0I9WM_7MqCZ76G-2" value="Registrar recrutador" style="ellipse;whiteSpace=wrap;html=1;" vertex="1" parent="1">
          <mxGeometry x="540" y="600" width="140" height="70" as="geometry" />
        </mxCell>
        <mxCell id="vrVF3U0I9WM_7MqCZ76G-3" value="Criar perfil de acesso" style="ellipse;whiteSpace=wrap;html=1;" vertex="1" parent="1">
          <mxGeometry x="530" y="715" width="140" height="70" as="geometry" />
        </mxCell>
        <mxCell id="114ptYugvsjH73b7JdfN-2" value="Liberar etapa para&amp;nbsp; o candidato" style="ellipse;whiteSpace=wrap;html=1;" vertex="1" parent="1">
          <mxGeometry x="170" y="90" width="140" height="70" as="geometry" />
        </mxCell>
      </root>
    </mxGraphModel>
  </diagram>
</mxfile>
